cheque_id,apartment_id,cheque_number,bank_name,account_name,amount,issue_date,due_date,deposit_date,status,image_url
1,1,CHQ945723,DIB,Owner 1,23678.93,2023-10-13,2023-11-12,2023-11-12,Cleared,https://example.com/cheques/rwTBCjovMfcRIWMW.jpg
2,1,CHQ481012,Mashreq,Owner 1,22554.26,2023-10-13,2023-12-12,2023-12-12,Cleared,https://example.com/cheques/yPTjoiLHdVoOtnPh.jpg
3,1,CHQ625540,Mashreq,Owner 1,22499.99,2023-10-13,2024-01-11,2024-01-11,Cleared,https://example.com/cheques/kjnyfEsrxcXEbyVe.jpg
4,1,CHQ879700,DIB,Owner 1,24538.51,2023-10-13,2024-02-10,2024-02-10,Cleared,https://example.com/cheques/IfZNwpuJVrrsxhLC.jpg
5,1,CHQ967191,DIB,Owner 1,24754.32,2023-10-13,2024-03-11,2024-03-11,Cleared,https://example.com/cheques/lGRTNocNMBnSIdxM.jpg
6,1,CHQ626154,Emirates NBD,Owner 1,21986.05,2023-10-13,2024-04-10,2024-04-10,Cleared,https://example.com/cheques/VtgupbAYekozqkSr.jpg
7,1,CHQ268940,ADCB,Owner 1,23717.28,2023-10-13,2024-05-10,2024-05-10,Cleared,https://example.com/cheques/zClvaNxOoKLuRqga.jpg
8,1,CHQ676110,Mashreq,Owner 1,22414.28,2023-10-13,2024-06-09,2024-06-09,Cleared,https://example.com/cheques/cYqjIchhCteGXKdD.jpg
9,1,CHQ165981,Mashreq,Owner 1,22139.18,2023-10-13,2024-07-09,2024-07-09,Cleared,https://example.com/cheques/lmWzjVFUuVEhrevV.jpg
10,1,CHQ303194,Mashreq,Owner 1,24125.82,2023-10-13,2024-08-08,2024-08-08,Cleared,https://example.com/cheques/QApSTixlFGTTDuvh.jpg
11,1,CHQ720443,ADCB,Owner 1,22075.34,2023-10-13,2024-09-07,2024-09-07,Cleared,https://example.com/cheques/lOMNUdkaJxVCkgzj.jpg
12,2,CHQ453821,DIB,Owner 2,25629.34,2022-02-07,2022-03-09,2022-03-09,Cleared,https://example.com/cheques/azxYrSqphwzEDWRG.jpg
13,2,CHQ976265,Emirates NBD,Owner 3,23877.0,2022-02-07,2022-04-08,2022-04-08,Cleared,https://example.com/cheques/yNzinHRTnOyNuIoP.jpg
14,2,CHQ438449,Mashreq,Owner 3,23740.67,2022-02-07,2022-05-08,2022-05-08,Cleared,https://example.com/cheques/zDZURonAhzjeTwie.jpg
15,2,CHQ777363,ADCB,Owner 3,25832.6,2022-02-07,2022-06-07,2022-06-07,Cleared,https://example.com/cheques/QwcpOUZmSyWzBPyX.jpg
16,2,CHQ406220,DIB,Owner 2,26415.54,2022-02-07,2022-07-07,2022-07-07,Cleared,https://example.com/cheques/TblDHtZEBGBnGuyG.jpg
17,2,CHQ918700,ADCB,Owner 2,23598.67,2022-02-07,2022-08-06,2022-08-06,Cleared,https://example.com/cheques/jwfmkRIviSUVfEFj.jpg
18,2,CHQ734877,Emirates NBD,Owner 3,25768.09,2022-02-07,2022-09-05,2022-09-05,Cleared,https://example.com/cheques/hiovtWTtJEiKnSFR.jpg
19,2,CHQ363502,ADCB,Owner 2,23557.14,2022-02-07,2022-10-05,2022-10-05,Cleared,https://example.com/cheques/vFifCYYhnUbDytYZ.jpg
20,2,CHQ644668,Mashreq,Owner 2,26362.11,2022-02-07,2022-11-04,2022-11-04,Cleared,https://example.com/cheques/HPjAEnLIiAgvwYtz.jpg
21,3,CHQ999359,Mashreq,Owner 5,4883.37,2022-05-04,2022-06-03,2022-06-03,Cleared,https://example.com/cheques/ZByNuAmowICQEeXD.jpg
22,3,CHQ800380,DIB,Owner 4,5705.47,2022-05-04,2022-07-03,2022-07-03,Cleared,https://example.com/cheques/xsAyRgaTqIAemdIR.jpg
23,3,CHQ894921,ADCB,Owner 4,5384.66,2022-05-04,2022-08-02,2022-08-02,Cleared,https://example.com/cheques/InsnNMszQbCZUaFJ.jpg
24,3,CHQ422570,ADCB,Owner 5,5629.79,2022-05-04,2022-09-01,2022-09-01,Cleared,https://example.com/cheques/PeJFBzgGaRdOgnZL.jpg
25,3,CHQ303278,ADCB,Owner 5,4949.56,2022-05-04,2022-10-01,2022-10-01,Cleared,https://example.com/cheques/JmuBCScFMgfPOfuS.jpg
26,3,CHQ299843,RAK Bank,Owner 5,5504.55,2022-05-04,2022-10-31,2022-10-31,Cleared,https://example.com/cheques/HUdkxafRiPeXCGZz.jpg
27,3,CHQ106842,RAK Bank,Owner 5,5802.01,2022-05-04,2022-11-30,2022-11-30,Cleared,https://example.com/cheques/VwDYszATsAXYpJQW.jpg
28,3,CHQ792846,ADCB,Owner 5,5250.75,2022-05-04,2022-12-30,2022-12-30,Cleared,https://example.com/cheques/unbVcEiMnuMuDrwK.jpg
29,3,CHQ180548,Emirates NBD,Owner 4,5598.4,2022-05-04,2023-01-29,2023-01-29,Cleared,https://example.com/cheques/RoXIlVuSXyUYaUsM.jpg
30,3,CHQ583490,Emirates NBD,Owner 4,5822.18,2022-05-04,2023-02-28,2023-02-28,Cleared,https://example.com/cheques/UwxDuhLLcIOYNWTp.jpg
31,3,CHQ296243,ADCB,Owner 4,5515.77,2022-05-04,2023-03-30,2023-03-30,Cleared,https://example.com/cheques/iGGnifQlFfvmjnOY.jpg
32,4,CHQ846200,Emirates NBD,Owner 7,7157.57,2023-08-28,2023-09-27,2023-09-27,Cleared,https://example.com/cheques/hzbwVytLsSorZeSS.jpg
33,4,CHQ865647,DIB,Owner 7,6627.18,2023-08-28,2023-10-27,2023-10-27,Cleared,https://example.com/cheques/xWkxEkyblxyNbQRo.jpg
34,4,CHQ621536,ADCB,Owner 6,6870.62,2023-08-28,2023-11-26,2023-11-26,Cleared,https://example.com/cheques/EsCESbWzbwAVqaoA.jpg
35,4,CHQ307253,DIB,Owner 7,6893.17,2023-08-28,2023-12-26,2023-12-26,Cleared,https://example.com/cheques/wQmQgRAiqYifsLaR.jpg
36,4,CHQ554984,Emirates NBD,Owner 6,6142.57,2023-08-28,2024-01-25,2024-01-25,Cleared,https://example.com/cheques/rcORgHqYLYjbGTkL.jpg
37,4,CHQ372811,Emirates NBD,Owner 6,6264.51,2023-08-28,2024-02-24,2024-02-24,Cleared,https://example.com/cheques/LatNxXpOFgcEdfGY.jpg
38,4,CHQ134040,RAK Bank,Owner 7,6997.43,2023-08-28,2024-03-25,2024-03-25,Cleared,https://example.com/cheques/JKKqBNBzxnJeVKps.jpg
39,4,CHQ900087,Mashreq,Owner 7,6381.92,2023-08-28,2024-04-24,2024-04-24,Cleared,https://example.com/cheques/cckCsBRhxxviPoXJ.jpg
40,5,CHQ346243,DIB,Owner 8,28966.4,2023-12-24,2024-01-23,2024-01-23,Cleared,https://example.com/cheques/tIFdShUApRiCykAb.jpg
41,5,CHQ439371,DIB,Owner 8,26872.96,2023-12-24,2024-02-22,2024-02-22,Cleared,https://example.com/cheques/DoJIUCGGkbkhxhAB.jpg
42,5,CHQ406408,Mashreq,Owner 8,26845.72,2023-12-24,2024-03-23,2024-03-23,Cleared,https://example.com/cheques/OwMhldABvPzfuqFm.jpg
43,5,CHQ236179,Emirates NBD,Owner 8,25771.3,2023-12-24,2024-04-22,2024-04-22,Cleared,https://example.com/cheques/QXOgxxcxvWZyGxLP.jpg
44,5,CHQ434754,ADCB,Owner 8,29116.98,2023-12-24,2024-05-22,2024-05-22,Cleared,https://example.com/cheques/FpJZicrCrsWArWuZ.jpg
45,6,CHQ950422,Mashreq,Owner 10,23228.07,2022-06-12,2022-07-12,2022-07-12,Cleared,https://example.com/cheques/GDLflrkfBnWRAxNI.jpg
46,6,CHQ818241,ADCB,Owner 9,23726.99,2022-06-12,2022-08-11,2022-08-11,Cleared,https://example.com/cheques/OzHCZVckEMyVSqoD.jpg
47,6,CHQ296603,RAK Bank,Owner 9,22784.73,2022-06-12,2022-09-10,2022-09-10,Cleared,https://example.com/cheques/kiwKPAIjKGKFiHXl.jpg
48,6,CHQ919766,RAK Bank,Owner 9,20121.65,2022-06-12,2022-10-10,2022-10-10,Cleared,https://example.com/cheques/JBHkqUfBbhRziCPS.jpg
49,6,CHQ622243,RAK Bank,Owner 10,23205.46,2022-06-12,2022-11-09,2022-11-09,Cleared,https://example.com/cheques/ciJaDkjudzGmEOTM.jpg
50,6,CHQ502516,RAK Bank,Owner 10,20071.53,2022-06-12,2022-12-09,2022-12-09,Cleared,https://example.com/cheques/QiJUmuVijdeTQZLc.jpg
51,6,CHQ894379,Mashreq,Owner 11,21680.2,2022-06-12,2023-01-08,2023-01-08,Cleared,https://example.com/cheques/OwVswoSEyVmpyEsM.jpg
52,7,CHQ819829,Mashreq,Owner 12,33645.92,2022-07-30,2022-08-29,2022-08-29,Cleared,https://example.com/cheques/bqMXtqDcXqRJCWpp.jpg
53,7,CHQ856052,Emirates NBD,Owner 12,30795.14,2022-07-30,2022-09-28,2022-09-28,Cleared,https://example.com/cheques/mSJsZIWIacZnzOzB.jpg
54,7,CHQ531272,Emirates NBD,Owner 12,31929.04,2022-07-30,2022-10-28,2022-10-28,Cleared,https://example.com/cheques/tJMASQUxNOLrWbdM.jpg
55,7,CHQ342480,Emirates NBD,Owner 12,29324.06,2022-07-30,2022-11-27,2022-11-27,Cleared,https://example.com/cheques/XWwwpQJsJUeSJYDc.jpg
56,7,CHQ372657,DIB,Owner 12,33715.92,2022-07-30,2022-12-27,2022-12-27,Cleared,https://example.com/cheques/FTyOQCexkacYgDya.jpg
57,7,CHQ569550,Emirates NBD,Owner 12,33041.26,2022-07-30,2023-01-26,2023-01-26,Cleared,https://example.com/cheques/TMzbHbrGjnACiuoa.jpg
58,7,CHQ382697,Emirates NBD,Owner 12,30978.22,2022-07-30,2023-02-25,2023-02-25,Cleared,https://example.com/cheques/byOSeevwoBjXCNYp.jpg
59,7,CHQ335165,DIB,Owner 12,29516.94,2022-07-30,2023-03-27,2023-03-27,Cleared,https://example.com/cheques/ONxpyiCKmYLBgGsw.jpg
60,8,CHQ983219,Mashreq,Owner 13,45048.19,2022-10-08,2022-11-07,2022-11-07,Cleared,https://example.com/cheques/iqcrhdFFOdSVqrmi.jpg
61,8,CHQ672233,Emirates NBD,Owner 13,48214.39,2022-10-08,2022-12-07,2022-12-07,Cleared,https://example.com/cheques/njXSSYBaWlUbMQsD.jpg
62,8,CHQ797404,ADCB,Owner 13,43923.3,2022-10-08,2023-01-06,2023-01-06,Cleared,https://example.com/cheques/fqEFZpTccTaUhIaS.jpg
63,8,CHQ506941,ADCB,Owner 13,49434.82,2022-10-08,2023-02-05,2023-02-05,Cleared,https://example.com/cheques/kTredgKTgrHgyyKY.jpg
64,8,CHQ446589,RAK Bank,Owner 13,44033.68,2022-10-08,2023-03-07,2023-03-07,Cleared,https://example.com/cheques/ZZGdQZZBUrtWDCAv.jpg
65,9,CHQ264957,Emirates NBD,Owner 15,29269.94,2023-05-23,2023-06-22,2023-06-22,Cleared,https://example.com/cheques/EEomAzOUZJfDvsqi.jpg
66,9,CHQ874135,RAK Bank,Owner 15,30574.21,2023-05-23,2023-07-22,2023-07-22,Cleared,https://example.com/cheques/OaZuAlCYWVRFEwHY.jpg
67,9,CHQ811331,Emirates NBD,Owner 15,28970.07,2023-05-23,2023-08-21,2023-08-21,Cleared,https://example.com/cheques/GatGDVDLdGlQvuiK.jpg
68,9,CHQ576455,Emirates NBD,Owner 14,29985.63,2023-05-23,2023-09-20,2023-09-20,Cleared,https://example.com/cheques/PbNTgTRBbBRXCEgx.jpg
69,10,CHQ886266,ADCB,Owner 17,37420.88,2022-11-24,2022-12-24,2022-12-24,Cleared,https://example.com/cheques/tUBSiECeklWSjDUM.jpg
70,10,CHQ589303,RAK Bank,Owner 17,34659.07,2022-11-24,2023-01-23,2023-01-23,Cleared,https://example.com/cheques/lHaqIQtQdvSgKyyB.jpg
71,10,CHQ931303,Mashreq,Owner 17,36881.51,2022-11-24,2023-02-22,2023-02-22,Cleared,https://example.com/cheques/iZYQHBpcQPHXPmCa.jpg
72,10,CHQ148169,RAK Bank,Owner 17,39383.37,2022-11-24,2023-03-24,2023-03-24,Cleared,https://example.com/cheques/ZRswouiiWKMPUexb.jpg
73,10,CHQ676679,RAK Bank,Owner 17,38448.87,2022-11-24,2023-04-23,2023-04-23,Cleared,https://example.com/cheques/fHEJjDonOJpSIzDk.jpg
74,10,CHQ321265,Mashreq,Owner 17,37786.92,2022-11-24,2023-05-23,2023-05-23,Cleared,https://example.com/cheques/TFYVzudKTaVAWilc.jpg
75,10,CHQ797604,DIB,Owner 17,33683.61,2022-11-24,2023-06-22,2023-06-22,Cleared,https://example.com/cheques/AAjgDBywTFRBrmwD.jpg
76,10,CHQ143255,ADCB,Owner 17,36464.4,2022-11-24,2023-07-22,2023-07-22,Cleared,https://example.com/cheques/hrLfZlqpdzrfeKPr.jpg
77,11,CHQ702299,Emirates NBD,Owner 19,6896.78,2022-12-15,2023-01-14,2023-01-14,Cleared,https://example.com/cheques/aYFERpzWTCHCbdFy.jpg
78,11,CHQ434094,Mashreq,Owner 19,6025.41,2022-12-15,2023-02-13,2023-02-13,Cleared,https://example.com/cheques/QXlGCTeMYXwAIwec.jpg
79,11,CHQ481102,Emirates NBD,Owner 18,6455.58,2022-12-15,2023-03-15,2023-03-15,Cleared,https://example.com/cheques/AsYtTKnyJzTKeFhb.jpg
80,11,CHQ511154,DIB,Owner 18,6243.32,2022-12-15,2023-04-14,2023-04-14,Cleared,https://example.com/cheques/zWVbJxLUTMzVJYUw.jpg
81,11,CHQ523211,RAK Bank,Owner 19,5889.6,2022-12-15,2023-05-14,2023-05-14,Cleared,https://example.com/cheques/RuIoTkFSdendRXOe.jpg
82,11,CHQ459748,ADCB,Owner 19,6723.1,2022-12-15,2023-06-13,2023-06-13,Cleared,https://example.com/cheques/jTpwzpiUWCRezAFt.jpg
83,12,CHQ926550,RAK Bank,Owner 20,17581.88,2023-11-24,2023-12-24,2023-12-24,Cleared,https://example.com/cheques/FwxnqowHhjaYkUvQ.jpg
84,12,CHQ738353,RAK Bank,Owner 20,17012.85,2023-11-24,2024-01-23,2024-01-23,Cleared,https://example.com/cheques/CiwyDGZNgyKnekXs.jpg
85,12,CHQ160598,Mashreq,Owner 20,16005.78,2023-11-24,2024-02-22,2024-02-22,Cleared,https://example.com/cheques/hUUXHZpWGKDkYkQT.jpg
86,12,CHQ488975,DIB,Owner 20,16488.63,2023-11-24,2024-03-23,2024-03-23,Cleared,https://example.com/cheques/UTogMWmNIXrmHwsp.jpg
87,12,CHQ766739,Mashreq,Owner 20,15354.22,2023-11-24,2024-04-22,2024-04-22,Cleared,https://example.com/cheques/ylXbdYoRghxpwZpv.jpg
88,12,CHQ674014,DIB,Owner 20,16526.56,2023-11-24,2024-05-22,2024-05-22,Cleared,https://example.com/cheques/RNuyHQJoVkSgPYCD.jpg
89,12,CHQ722651,RAK Bank,Owner 20,15702.79,2023-11-24,2024-06-21,2024-06-21,Cleared,https://example.com/cheques/NeZQVTeQEiObtOFL.jpg
90,12,CHQ240381,Emirates NBD,Owner 20,17193.02,2023-11-24,2024-07-21,2024-07-21,Cleared,https://example.com/cheques/boiCqfesvqBZGXHX.jpg
91,12,CHQ633185,ADCB,Owner 20,16629.57,2023-11-24,2024-08-20,2024-08-20,Cleared,https://example.com/cheques/JgxYDeckHrhaHFYq.jpg
92,12,CHQ865569,Mashreq,Owner 20,16633.28,2023-11-24,2024-09-19,2024-09-19,Cleared,https://example.com/cheques/amQuXwedrJwslWvC.jpg
93,13,CHQ420241,RAK Bank,Owner 21,13772.13,2022-11-27,2022-12-27,2022-12-27,Cleared,https://example.com/cheques/FGsOaatbjXCHChEE.jpg
94,13,CHQ613170,Mashreq,Owner 21,12257.47,2022-11-27,2023-01-26,2023-01-26,Cleared,https://example.com/cheques/CbPJkrCoHsduqgyj.jpg
95,13,CHQ912483,ADCB,Owner 21,13549.0,2022-11-27,2023-02-25,2023-02-25,Cleared,https://example.com/cheques/WgFqgimnJgQNWiJP.jpg
96,13,CHQ810440,Emirates NBD,Owner 23,12002.04,2022-11-27,2023-03-27,2023-03-27,Cleared,https://example.com/cheques/tXzQFJXTPyXcvQCB.jpg
97,13,CHQ824757,Emirates NBD,Owner 21,13177.35,2022-11-27,2023-04-26,2023-04-26,Cleared,https://example.com/cheques/TBOjUYKcYeJQjGre.jpg
98,13,CHQ206076,Emirates NBD,Owner 21,13385.54,2022-11-27,2023-05-26,2023-05-26,Cleared,https://example.com/cheques/PXSndAqkEMssflLC.jpg
99,13,CHQ255474,Emirates NBD,Owner 21,12013.39,2022-11-27,2023-06-25,2023-06-25,Cleared,https://example.com/cheques/HPYmIMitudAdXHuv.jpg
100,13,CHQ745452,Mashreq,Owner 22,12129.9,2022-11-27,2023-07-25,2023-07-25,Cleared,https://example.com/cheques/tKgspPqAXpNjbILF.jpg
101,13,CHQ212112,Emirates NBD,Owner 21,13325.55,2022-11-27,2023-08-24,2023-08-24,Cleared,https://example.com/cheques/jjLJhQQBokSSCfgV.jpg
102,14,CHQ319077,ADCB,Owner 24,9427.44,2023-02-23,2023-03-25,2023-03-25,Cleared,https://example.com/cheques/QqnglcAvynineGiH.jpg
103,14,CHQ467598,ADCB,Owner 25,9845.97,2023-02-23,2023-04-24,2023-04-24,Cleared,https://example.com/cheques/APzKYryZaQfJvrLu.jpg
104,14,CHQ188741,Mashreq,Owner 24,9288.25,2023-02-23,2023-05-24,2023-05-24,Cleared,https://example.com/cheques/lKdOtENQfgwtWXdD.jpg
105,14,CHQ269270,DIB,Owner 25,9673.09,2023-02-23,2023-06-23,2023-06-23,Cleared,https://example.com/cheques/PbiWTutksRoyFGdb.jpg
106,14,CHQ752034,ADCB,Owner 25,9427.85,2023-02-23,2023-07-23,2023-07-23,Cleared,https://example.com/cheques/PpEHiIgwNFavRvkn.jpg
107,14,CHQ390839,DIB,Owner 25,9896.62,2023-02-23,2023-08-22,2023-08-22,Cleared,https://example.com/cheques/mhZxcOoKdxzOlOII.jpg
108,14,CHQ645264,ADCB,Owner 25,9046.87,2023-02-23,2023-09-21,2023-09-21,Cleared,https://example.com/cheques/CUqMKSFYnpxNFFvH.jpg
109,14,CHQ590304,ADCB,Owner 24,8734.6,2023-02-23,2023-10-21,2023-10-21,Cleared,https://example.com/cheques/GIjsufWgXeqpeMEo.jpg
110,14,CHQ824045,ADCB,Owner 24,8463.37,2023-02-23,2023-11-20,2023-11-20,Cleared,https://example.com/cheques/YEACTSfVmUAJXgzf.jpg
111,14,CHQ623749,ADCB,Owner 24,8431.71,2023-02-23,2023-12-20,2023-12-20,Cleared,https://example.com/cheques/ggzbuXMzysiUbrUv.jpg
112,15,CHQ675372,ADCB,Owner 26,6615.31,2022-08-11,2022-09-10,2022-09-10,Cleared,https://example.com/cheques/OQjRzoqQfXFiFmXN.jpg
113,15,CHQ828108,Mashreq,Owner 26,6981.55,2022-08-11,2022-10-10,2022-10-10,Cleared,https://example.com/cheques/clQdbhHoEkELoQcO.jpg
114,15,CHQ867248,Mashreq,Owner 26,7072.33,2022-08-11,2022-11-09,2022-11-09,Cleared,https://example.com/cheques/kmqAsLwFvntkqwVY.jpg
115,15,CHQ390215,Mashreq,Owner 26,6343.49,2022-08-11,2022-12-09,2022-12-09,Cleared,https://example.com/cheques/fMlxBnTdmHubxTOX.jpg
116,15,CHQ337620,ADCB,Owner 26,6315.38,2022-08-11,2023-01-08,2023-01-08,Cleared,https://example.com/cheques/HISBAGzuAbXnBhUu.jpg
117,15,CHQ546265,RAK Bank,Owner 26,6658.26,2022-08-11,2023-02-07,2023-02-07,Cleared,https://example.com/cheques/FGfpheAexBPAUJlW.jpg
118,15,CHQ931807,RAK Bank,Owner 26,6936.19,2022-08-11,2023-03-09,2023-03-09,Cleared,https://example.com/cheques/EhvAymscmqeFIRKc.jpg
119,15,CHQ477387,ADCB,Owner 26,7179.65,2022-08-11,2023-04-08,2023-04-08,Cleared,https://example.com/cheques/GWCuPPRTKNbZZjtA.jpg
120,15,CHQ687065,DIB,Owner 26,7358.66,2022-08-11,2023-05-08,2023-05-08,Cleared,https://example.com/cheques/TldLEoPjQhJpBDZr.jpg
121,15,CHQ665422,Mashreq,Owner 26,7147.28,2022-08-11,2023-06-07,2023-06-07,Cleared,https://example.com/cheques/xIwwIwhcGNvCDxuS.jpg
122,15,CHQ217833,RAK Bank,Owner 26,7102.93,2022-08-11,2023-07-07,2023-07-07,Cleared,https://example.com/cheques/lGywbrbkTPrvcpKe.jpg
123,16,CHQ253910,Emirates NBD,Owner 27,8470.56,2022-03-30,2022-04-29,2022-04-29,Cleared,https://example.com/cheques/eoBIXbDrWlQGTcHK.jpg
124,16,CHQ887090,ADCB,Owner 27,8453.39,2022-03-30,2022-05-29,2022-05-29,Cleared,https://example.com/cheques/gwrziHybssTIpsPN.jpg
125,16,CHQ800608,Emirates NBD,Owner 28,8939.86,2022-03-30,2022-06-28,2022-06-28,Cleared,https://example.com/cheques/LGYGtncszYJjMkGy.jpg
126,16,CHQ686864,DIB,Owner 27,8985.22,2022-03-30,2022-07-28,2022-07-28,Cleared,https://example.com/cheques/YayFjKCixdtEcFiZ.jpg
127,16,CHQ871449,Emirates NBD,Owner 28,8685.71,2022-03-30,2022-08-27,2022-08-27,Cleared,https://example.com/cheques/fZxlXrqcUroyVRrn.jpg
128,16,CHQ638922,RAK Bank,Owner 27,8414.52,2022-03-30,2022-09-26,2022-09-26,Cleared,https://example.com/cheques/JXWutFQOioqROzJF.jpg
129,16,CHQ847587,RAK Bank,Owner 27,8505.84,2022-03-30,2022-10-26,2022-10-26,Cleared,https://example.com/cheques/TooLVUDeAmiUQnBo.jpg
130,16,CHQ101353,DIB,Owner 27,8294.27,2022-03-30,2022-11-25,2022-11-25,Cleared,https://example.com/cheques/xUYlDFDGoPaOtjWM.jpg
131,16,CHQ970543,DIB,Owner 27,7711.21,2022-03-30,2022-12-25,2022-12-25,Cleared,https://example.com/cheques/UHwgnBprQHmduKEj.jpg
132,16,CHQ106728,ADCB,Owner 28,7739.43,2022-03-30,2023-01-24,2023-01-24,Cleared,https://example.com/cheques/UQBPVslxllHsSsai.jpg
133,16,CHQ824972,ADCB,Owner 28,9133.95,2022-03-30,2023-02-23,2023-02-23,Cleared,https://example.com/cheques/zjPyPplUkadqQnZr.jpg
134,17,CHQ493474,Emirates NBD,Owner 29,16422.18,2022-01-21,2022-02-20,2022-02-20,Cleared,https://example.com/cheques/NQlWyyjveSqCqTxf.jpg
135,17,CHQ907027,Emirates NBD,Owner 29,16935.11,2022-01-21,2022-03-22,2022-03-22,Cleared,https://example.com/cheques/xqVAIvDzWpeKpKhC.jpg
136,17,CHQ286579,RAK Bank,Owner 29,17285.02,2022-01-21,2022-04-21,2022-04-21,Cleared,https://example.com/cheques/wdmFXIkxQBmTEyJZ.jpg
137,17,CHQ820973,Mashreq,Owner 29,17451.47,2022-01-21,2022-05-21,2022-05-21,Cleared,https://example.com/cheques/rEhzFyABYNeLeRuL.jpg
138,17,CHQ110777,DIB,Owner 29,16710.19,2022-01-21,2022-06-20,2022-06-20,Cleared,https://example.com/cheques/YqSSMrtwniKusnBL.jpg
139,17,CHQ238915,ADCB,Owner 29,17987.87,2022-01-21,2022-07-20,2022-07-20,Cleared,https://example.com/cheques/aWBqpKCsVznLGKxk.jpg
140,18,CHQ717622,Mashreq,Owner 30,77302.34,2023-03-13,2023-04-12,2023-04-12,Cleared,https://example.com/cheques/qaeTikyTgPJgjaNA.jpg
141,18,CHQ960476,Emirates NBD,Owner 31,77935.32,2023-03-13,2023-05-12,2023-05-12,Cleared,https://example.com/cheques/dPjgjnckAOFMoGuR.jpg
142,18,CHQ731833,RAK Bank,Owner 30,82929.13,2023-03-13,2023-06-11,2023-06-11,Cleared,https://example.com/cheques/iMSJrLHESlQeaPFg.jpg
143,18,CHQ832107,Emirates NBD,Owner 30,71602.83,2023-03-13,2023-07-11,2023-07-11,Cleared,https://example.com/cheques/DwXsLIswmKVBVzlW.jpg
144,19,CHQ398782,DIB,Owner 33,5221.35,2023-07-08,2023-08-07,2023-08-07,Cleared,https://example.com/cheques/QoiwdnQARArXArxn.jpg
145,19,CHQ710462,Mashreq,Owner 32,4672.18,2023-07-08,2023-09-06,2023-09-06,Cleared,https://example.com/cheques/bJnHgfntophlmLwq.jpg
146,19,CHQ434930,RAK Bank,Owner 33,5236.97,2023-07-08,2023-10-06,2023-10-06,Cleared,https://example.com/cheques/KBeQFbNCWLuecRKf.jpg
147,19,CHQ721852,Emirates NBD,Owner 32,5103.2,2023-07-08,2023-11-05,2023-11-05,Cleared,https://example.com/cheques/MFaGlWvMKjfNxaaN.jpg
148,19,CHQ270548,DIB,Owner 33,5227.91,2023-07-08,2023-12-05,2023-12-05,Cleared,https://example.com/cheques/KEMKskoEhSDaVOOU.jpg
149,19,CHQ996922,DIB,Owner 33,5053.49,2023-07-08,2024-01-04,2024-01-04,Cleared,https://example.com/cheques/SsgSqTUekPVcikbK.jpg
150,19,CHQ146520,ADCB,Owner 33,4845.63,2023-07-08,2024-02-03,2024-02-03,Cleared,https://example.com/cheques/nJbaDBKjuVmEvTNW.jpg
151,19,CHQ726860,ADCB,Owner 33,5052.18,2023-07-08,2024-03-04,2024-03-04,Cleared,https://example.com/cheques/tCwHLEBfsJeJuCPm.jpg
152,19,CHQ864826,Emirates NBD,Owner 32,4900.04,2023-07-08,2024-04-03,2024-04-03,Cleared,https://example.com/cheques/DzyPmZoiPekfwQTp.jpg
153,20,CHQ901644,DIB,Owner 34,36232.87,2022-08-20,2022-09-19,2022-09-19,Cleared,https://example.com/cheques/rzURdeCQDqBVQJUR.jpg
154,20,CHQ365784,Mashreq,Owner 34,33556.44,2022-08-20,2022-10-19,2022-10-19,Cleared,https://example.com/cheques/vmtMigeFtcLJxiKA.jpg
155,20,CHQ458498,RAK Bank,Owner 34,35758.17,2022-08-20,2022-11-18,2022-11-18,Cleared,https://example.com/cheques/wypWVNnbyNWWdoej.jpg
156,20,CHQ761978,DIB,Owner 34,33838.78,2022-08-20,2022-12-18,2022-12-18,Cleared,https://example.com/cheques/AGWkHxGxDtJHQCIY.jpg
157,21,CHQ906018,DIB,Owner 35,18581.21,2022-03-22,2022-04-21,2022-04-21,Cleared,https://example.com/cheques/BdEEALaDSwQPlNsA.jpg
158,21,CHQ469237,RAK Bank,Owner 35,18574.36,2022-03-22,2022-05-21,2022-05-21,Cleared,https://example.com/cheques/dZVkhyxjiUJJvgzs.jpg
159,21,CHQ566994,DIB,Owner 35,19118.74,2022-03-22,2022-06-20,2022-06-20,Cleared,https://example.com/cheques/jDqhoNmUWaPzArDs.jpg
160,21,CHQ246673,Emirates NBD,Owner 35,18962.12,2022-03-22,2022-07-20,2022-07-20,Cleared,https://example.com/cheques/DBghXGkDIevdwHQc.jpg
161,21,CHQ179679,ADCB,Owner 35,18806.44,2022-03-22,2022-08-19,2022-08-19,Cleared,https://example.com/cheques/aOEQmxNTsmzeMtOG.jpg
162,21,CHQ843104,ADCB,Owner 35,16922.36,2022-03-22,2022-09-18,2022-09-18,Cleared,https://example.com/cheques/EwqMlgdARVzxozqb.jpg
163,21,CHQ365098,ADCB,Owner 35,15906.88,2022-03-22,2022-10-18,2022-10-18,Cleared,https://example.com/cheques/jzvKiMJmLrkaqFPG.jpg
164,21,CHQ794180,ADCB,Owner 35,18498.36,2022-03-22,2022-11-17,2022-11-17,Cleared,https://example.com/cheques/PLAPXbkeCOTLLsXf.jpg
165,21,CHQ839978,DIB,Owner 35,18331.98,2022-03-22,2022-12-17,2022-12-17,Cleared,https://example.com/cheques/lETfDKHmknngrURu.jpg
166,21,CHQ578554,ADCB,Owner 35,17942.88,2022-03-22,2023-01-16,2023-01-16,Cleared,https://example.com/cheques/JijyjrgNrfoqyFFr.jpg
167,21,CHQ756564,ADCB,Owner 35,17294.91,2022-03-22,2023-02-15,2023-02-15,Cleared,https://example.com/cheques/UhtkDARoRnOGzmdb.jpg
168,22,CHQ928266,DIB,Owner 36,18847.14,2022-09-01,2022-10-01,2022-10-01,Cleared,https://example.com/cheques/xXHACNkJESGemqWU.jpg
169,22,CHQ897120,Emirates NBD,Owner 36,17967.2,2022-09-01,2022-10-31,2022-10-31,Cleared,https://example.com/cheques/XsRxUjpOsQIBwsvV.jpg
170,22,CHQ301953,Mashreq,Owner 36,17872.05,2022-09-01,2022-11-30,2022-11-30,Cleared,https://example.com/cheques/sYpqxlLzHxcTsCGO.jpg
171,22,CHQ480063,Mashreq,Owner 36,16660.56,2022-09-01,2022-12-30,2022-12-30,Cleared,https://example.com/cheques/IHPjaSPpaNwCqdmk.jpg
172,22,CHQ439531,RAK Bank,Owner 36,16381.4,2022-09-01,2023-01-29,2023-01-29,Cleared,https://example.com/cheques/tkDjQxHmWjnINqPh.jpg
173,22,CHQ443377,DIB,Owner 36,16812.59,2022-09-01,2023-02-28,2023-02-28,Cleared,https://example.com/cheques/scRvzBVHddNnTKLD.jpg
174,22,CHQ370695,Emirates NBD,Owner 36,16474.86,2022-09-01,2023-03-30,2023-03-30,Cleared,https://example.com/cheques/kjrVXmVmoJGvaGUu.jpg
175,23,CHQ738181,Emirates NBD,Owner 37,15301.54,2022-06-06,2022-07-06,2022-07-06,Cleared,https://example.com/cheques/HkbZzjlMaQQrLhnP.jpg
176,23,CHQ811390,Emirates NBD,Owner 37,13995.32,2022-06-06,2022-08-05,2022-08-05,Cleared,https://example.com/cheques/OAcSSUwFnsEbMiII.jpg
177,23,CHQ708387,DIB,Owner 37,15087.06,2022-06-06,2022-09-04,2022-09-04,Cleared,https://example.com/cheques/HybdbguTvETpcajh.jpg
178,23,CHQ725408,Emirates NBD,Owner 37,15004.69,2022-06-06,2022-10-04,2022-10-04,Cleared,https://example.com/cheques/HWeNWEueRTzOxbBE.jpg
179,23,CHQ953861,Mashreq,Owner 37,15611.11,2022-06-06,2022-11-03,2022-11-03,Cleared,https://example.com/cheques/TUEgpcvKevWzvAzw.jpg
180,23,CHQ789267,DIB,Owner 37,13841.51,2022-06-06,2022-12-03,2022-12-03,Cleared,https://example.com/cheques/wNMDNXkzptmAoeTw.jpg
181,23,CHQ534540,DIB,Owner 37,14384.21,2022-06-06,2023-01-02,2023-01-02,Cleared,https://example.com/cheques/WyeCVwpkhFzbDNKY.jpg
182,23,CHQ990466,RAK Bank,Owner 37,14510.04,2022-06-06,2023-02-01,2023-02-01,Cleared,https://example.com/cheques/YAAcxDTNAryaXufY.jpg
183,24,CHQ570079,Emirates NBD,Owner 39,20337.75,2023-08-10,2023-09-09,2023-09-09,Cleared,https://example.com/cheques/pURjWABbgbTBaxVA.jpg
184,24,CHQ685978,Emirates NBD,Owner 39,21750.31,2023-08-10,2023-10-09,2023-10-09,Cleared,https://example.com/cheques/GCbcqiAlyBSaFcwI.jpg
185,24,CHQ478918,RAK Bank,Owner 38,18893.3,2023-08-10,2023-11-08,2023-11-08,Cleared,https://example.com/cheques/JHOISywqnSnUTBPE.jpg
186,24,CHQ661097,ADCB,Owner 38,19457.81,2023-08-10,2023-12-08,2023-12-08,Cleared,https://example.com/cheques/jmJACTASHwhKPIBP.jpg
187,24,CHQ205945,RAK Bank,Owner 38,19344.37,2023-08-10,2024-01-07,2024-01-07,Cleared,https://example.com/cheques/LANwHsxxzAjoonSS.jpg
188,24,CHQ226739,ADCB,Owner 39,22652.82,2023-08-10,2024-02-06,2024-02-06,Cleared,https://example.com/cheques/LqPtuGVPthGQKMKi.jpg
189,24,CHQ100309,ADCB,Owner 39,21931.32,2023-08-10,2024-03-07,2024-03-07,Cleared,https://example.com/cheques/RRBRzOTkwpJfPJTk.jpg
190,25,CHQ151749,Emirates NBD,Owner 40,5182.25,2022-08-21,2022-09-20,2022-09-20,Cleared,https://example.com/cheques/PnEeFauPfJJoPtoE.jpg
191,25,CHQ205961,DIB,Owner 40,4918.42,2022-08-21,2022-10-20,2022-10-20,Cleared,https://example.com/cheques/ubZGzVxPOIFPzgmP.jpg
192,25,CHQ293054,Emirates NBD,Owner 40,4914.28,2022-08-21,2022-11-19,2022-11-19,Cleared,https://example.com/cheques/ibnenYdtyGVMCMsS.jpg
193,25,CHQ881464,DIB,Owner 40,5161.11,2022-08-21,2022-12-19,2022-12-19,Cleared,https://example.com/cheques/rJvfpspRlqPXoGGJ.jpg
194,25,CHQ705178,RAK Bank,Owner 40,5048.24,2022-08-21,2023-01-18,2023-01-18,Cleared,https://example.com/cheques/QpgUpTPCyXsCPWPr.jpg
195,25,CHQ533102,DIB,Owner 40,4774.8,2022-08-21,2023-02-17,2023-02-17,Cleared,https://example.com/cheques/wVZRxuCMoolWDHtd.jpg
196,25,CHQ647058,ADCB,Owner 40,4552.22,2022-08-21,2023-03-19,2023-03-19,Cleared,https://example.com/cheques/iLqPVyzdwJCpKupU.jpg
197,25,CHQ350701,RAK Bank,Owner 40,4577.67,2022-08-21,2023-04-18,2023-04-18,Cleared,https://example.com/cheques/DhyiILEClRTwRdnF.jpg
198,25,CHQ596883,ADCB,Owner 40,4650.48,2022-08-21,2023-05-18,2023-05-18,Cleared,https://example.com/cheques/mttqtlTfoJNmnyEu.jpg
199,25,CHQ633257,RAK Bank,Owner 40,4816.34,2022-08-21,2023-06-17,2023-06-17,Cleared,https://example.com/cheques/nlOOQHZHLdunuckp.jpg
200,25,CHQ771059,Mashreq,Owner 40,5255.28,2022-08-21,2023-07-17,2023-07-17,Cleared,https://example.com/cheques/uyJIVoOkFxaIhVPJ.jpg
201,26,CHQ131643,RAK Bank,Owner 42,15383.47,2022-08-17,2022-09-16,2022-09-16,Cleared,https://example.com/cheques/guJrDmbrYgJkHxzq.jpg
202,26,CHQ627199,RAK Bank,Owner 42,15988.99,2022-08-17,2022-10-16,2022-10-16,Cleared,https://example.com/cheques/QBElsAkCNWNKOAqU.jpg
203,26,CHQ277716,Mashreq,Owner 41,15857.32,2022-08-17,2022-11-15,2022-11-15,Cleared,https://example.com/cheques/BQqtgpcDnRaACero.jpg
204,26,CHQ687713,ADCB,Owner 41,16697.85,2022-08-17,2022-12-15,2022-12-15,Cleared,https://example.com/cheques/bPIIEAEjkdgEyErH.jpg
205,26,CHQ956823,Emirates NBD,Owner 42,15359.33,2022-08-17,2023-01-14,2023-01-14,Cleared,https://example.com/cheques/DLjEyLKPaFBPagHZ.jpg
206,26,CHQ588140,DIB,Owner 41,15670.88,2022-08-17,2023-02-13,2023-02-13,Cleared,https://example.com/cheques/AvLnHUjqYuoszKhK.jpg
207,27,CHQ415386,Emirates NBD,Owner 45,22730.13,2022-04-12,2022-05-12,2022-05-12,Cleared,https://example.com/cheques/MIIIcolygipVdZwx.jpg
208,27,CHQ735544,ADCB,Owner 44,24403.93,2022-04-12,2022-06-11,2022-06-11,Cleared,https://example.com/cheques/QmqxSIqfvZIwKvqY.jpg
209,27,CHQ848429,RAK Bank,Owner 44,23701.0,2022-04-12,2022-07-11,2022-07-11,Cleared,https://example.com/cheques/JlpkaIIEsffeGCGl.jpg
210,27,CHQ693100,Emirates NBD,Owner 45,22483.79,2022-04-12,2022-08-10,2022-08-10,Cleared,https://example.com/cheques/MXIszOoGVsLPbGjF.jpg
211,27,CHQ823312,Mashreq,Owner 45,23138.98,2022-04-12,2022-09-09,2022-09-09,Cleared,https://example.com/cheques/ifOJVhOIlLNtVIkk.jpg
212,27,CHQ395334,Emirates NBD,Owner 44,22293.07,2022-04-12,2022-10-09,2022-10-09,Cleared,https://example.com/cheques/VZlktXwtoLiCryWg.jpg
213,27,CHQ887637,DIB,Owner 45,24335.88,2022-04-12,2022-11-08,2022-11-08,Cleared,https://example.com/cheques/DRKEQvlDqrVzvEua.jpg
214,28,CHQ369091,DIB,Owner 47,5293.22,2023-05-12,2023-06-11,2023-06-11,Cleared,https://example.com/cheques/ZLlWClrLzeqqxiuA.jpg
215,28,CHQ108601,ADCB,Owner 47,6043.13,2023-05-12,2023-07-11,2023-07-11,Cleared,https://example.com/cheques/zROWoWKsiwrXTHZY.jpg
216,28,CHQ148639,Mashreq,Owner 47,6280.47,2023-05-12,2023-08-10,2023-08-10,Cleared,https://example.com/cheques/zUULrTDysFDSRDKq.jpg
217,28,CHQ350899,ADCB,Owner 46,5887.88,2023-05-12,2023-09-09,2023-09-09,Cleared,https://example.com/cheques/pRKTErITWSFBdjtr.jpg
218,28,CHQ680105,Mashreq,Owner 47,6099.45,2023-05-12,2023-10-09,2023-10-09,Cleared,https://example.com/cheques/cJkgwXfibqxyZxdi.jpg
219,28,CHQ650455,RAK Bank,Owner 46,5817.61,2023-05-12,2023-11-08,2023-11-08,Cleared,https://example.com/cheques/kQGbOCtDABAIKfjd.jpg
220,28,CHQ803860,Mashreq,Owner 46,5427.1,2023-05-12,2023-12-08,2023-12-08,Cleared,https://example.com/cheques/sPqGOKFMMqQenGfD.jpg
221,28,CHQ128484,Emirates NBD,Owner 46,5391.05,2023-05-12,2024-01-07,2024-01-07,Cleared,https://example.com/cheques/ntIXCfdVzoEzyUVC.jpg
222,28,CHQ908317,RAK Bank,Owner 47,6308.59,2023-05-12,2024-02-06,2024-02-06,Cleared,https://example.com/cheques/abuIHPXBfbtEVEZz.jpg
223,29,CHQ556290,Emirates NBD,Owner 48,11594.61,2023-04-25,2023-05-25,2023-05-25,Cleared,https://example.com/cheques/JZGCDskODgjvrCXx.jpg
224,29,CHQ277222,ADCB,Owner 48,12423.73,2023-04-25,2023-06-24,2023-06-24,Cleared,https://example.com/cheques/aukCzJpPfHvVuSEK.jpg
225,29,CHQ777588,ADCB,Owner 48,11634.63,2023-04-25,2023-07-24,2023-07-24,Cleared,https://example.com/cheques/SKrjHANcgnVAKOxu.jpg
226,29,CHQ761549,Emirates NBD,Owner 48,13246.44,2023-04-25,2023-08-23,2023-08-23,Cleared,https://example.com/cheques/AHtihJRvNVdiQWSX.jpg
227,30,CHQ687796,Emirates NBD,Owner 49,6313.79,2023-08-13,2023-09-12,2023-09-12,Cleared,https://example.com/cheques/SJHngMkqawZNzkGG.jpg
228,30,CHQ853425,RAK Bank,Owner 49,6767.42,2023-08-13,2023-10-12,2023-10-12,Cleared,https://example.com/cheques/bUHuXWSHwxLezuqN.jpg
229,30,CHQ299732,RAK Bank,Owner 49,6387.37,2023-08-13,2023-11-11,2023-11-11,Cleared,https://example.com/cheques/lNSXTLLbCowFzPyW.jpg
230,30,CHQ451583,RAK Bank,Owner 49,5718.52,2023-08-13,2023-12-11,2023-12-11,Cleared,https://example.com/cheques/aZGGbxUYxyXPBoHo.jpg
231,30,CHQ324065,Mashreq,Owner 49,5870.45,2023-08-13,2024-01-10,2024-01-10,Cleared,https://example.com/cheques/tDOXAqFMKlhSxhUW.jpg
232,30,CHQ778197,Emirates NBD,Owner 49,5796.62,2023-08-13,2024-02-09,2024-02-09,Cleared,https://example.com/cheques/LayxOzIwWtutBmOK.jpg
233,30,CHQ380886,DIB,Owner 49,5728.79,2023-08-13,2024-03-10,2024-03-10,Cleared,https://example.com/cheques/fQgoZYzcuOSWBtSZ.jpg
234,30,CHQ659681,ADCB,Owner 49,6402.37,2023-08-13,2024-04-09,2024-04-09,Cleared,https://example.com/cheques/qXCiiFqvvYcutJbr.jpg
235,30,CHQ104378,RAK Bank,Owner 49,6692.77,2023-08-13,2024-05-09,2024-05-09,Cleared,https://example.com/cheques/DkeevmsYWezcmdKO.jpg
236,30,CHQ972454,RAK Bank,Owner 49,6216.79,2023-08-13,2024-06-08,2024-06-08,Cleared,https://example.com/cheques/woURYGJhGfJjycLP.jpg
237,31,CHQ408237,DIB,Owner 51,14719.78,2023-07-30,2023-08-29,2023-08-29,Cleared,https://example.com/cheques/iUEArOpuzFaBdvkl.jpg
238,31,CHQ260798,RAK Bank,Owner 50,14840.29,2023-07-30,2023-09-28,2023-09-28,Cleared,https://example.com/cheques/LzszShDqNqLjvTvr.jpg
239,31,CHQ299903,Emirates NBD,Owner 51,12694.33,2023-07-30,2023-10-28,2023-10-28,Cleared,https://example.com/cheques/EWrrvkgAqCphnTnX.jpg
240,31,CHQ762476,ADCB,Owner 52,14137.52,2023-07-30,2023-11-27,2023-11-27,Cleared,https://example.com/cheques/fqDOKgvjzYvUqqMO.jpg
241,31,CHQ536804,RAK Bank,Owner 52,13873.88,2023-07-30,2023-12-27,2023-12-27,Cleared,https://example.com/cheques/JBaoHsYnECxBXRTg.jpg
242,31,CHQ424269,RAK Bank,Owner 51,12875.66,2023-07-30,2024-01-26,2024-01-26,Cleared,https://example.com/cheques/CmcGlEVPhjJndemf.jpg
243,31,CHQ279413,RAK Bank,Owner 51,13217.38,2023-07-30,2024-02-25,2024-02-25,Cleared,https://example.com/cheques/lCyHfmqEVXzUIdxb.jpg
244,32,CHQ884280,DIB,Owner 54,4379.71,2023-10-29,2023-11-28,2023-11-28,Cleared,https://example.com/cheques/KNYSfGnIQVoLFzDY.jpg
245,32,CHQ910599,RAK Bank,Owner 53,4473.19,2023-10-29,2023-12-28,2023-12-28,Cleared,https://example.com/cheques/XIEeRMTbdviJlpes.jpg
246,32,CHQ267992,RAK Bank,Owner 54,4194.52,2023-10-29,2024-01-27,2024-01-27,Cleared,https://example.com/cheques/gOnJgvXOpGrrOIGu.jpg
247,32,CHQ971359,DIB,Owner 53,4814.06,2023-10-29,2024-02-26,2024-02-26,Cleared,https://example.com/cheques/hxzDKbLJVooTvyIJ.jpg
248,32,CHQ375688,ADCB,Owner 53,4616.36,2023-10-29,2024-03-27,2024-03-27,Cleared,https://example.com/cheques/ENnFEBtiIGITIdrG.jpg
249,32,CHQ927590,Emirates NBD,Owner 54,4307.14,2023-10-29,2024-04-26,2024-04-26,Cleared,https://example.com/cheques/NBLTotCaWbgQRxkJ.jpg
250,32,CHQ872992,DIB,Owner 54,4285.88,2023-10-29,2024-05-26,2024-05-26,Cleared,https://example.com/cheques/CwyyHpTcFJCwmbeE.jpg
251,32,CHQ270867,RAK Bank,Owner 53,4437.33,2023-10-29,2024-06-25,2024-06-25,Cleared,https://example.com/cheques/SArQQaZIbXjrpTwz.jpg
252,32,CHQ386131,Emirates NBD,Owner 53,4651.97,2023-10-29,2024-07-25,2024-07-25,Cleared,https://example.com/cheques/pZIxVrIEMULuApDA.jpg
253,32,CHQ169748,DIB,Owner 53,4562.69,2023-10-29,2024-08-24,2024-08-24,Cleared,https://example.com/cheques/gWJdzRKJlGDXIQps.jpg
254,32,CHQ698287,Emirates NBD,Owner 53,4524.44,2023-10-29,2024-09-23,2024-09-23,Cleared,https://example.com/cheques/KOqjTdSACTxXaGGb.jpg
255,32,CHQ347714,Mashreq,Owner 53,4480.7,2023-10-29,2024-10-23,2024-10-23,Cleared,https://example.com/cheques/JGFDbFOgVzjXamtt.jpg
256,33,CHQ639748,Emirates NBD,Owner 57,37047.21,2022-05-29,2022-06-28,2022-06-28,Cleared,https://example.com/cheques/nLlmlKYfMdhHehif.jpg
257,33,CHQ495590,Mashreq,Owner 55,38878.3,2022-05-29,2022-07-28,2022-07-28,Cleared,https://example.com/cheques/yLwaiOobcyMxZBPY.jpg
258,33,CHQ585246,Mashreq,Owner 56,35857.98,2022-05-29,2022-08-27,2022-08-27,Cleared,https://example.com/cheques/dwmZNyZpRtiyywTt.jpg
259,33,CHQ396146,Mashreq,Owner 57,36797.77,2022-05-29,2022-09-26,2022-09-26,Cleared,https://example.com/cheques/LlLzyNKpdEgsuOXd.jpg
260,33,CHQ227571,Mashreq,Owner 56,38919.31,2022-05-29,2022-10-26,2022-10-26,Cleared,https://example.com/cheques/cxXHZtMRFCntLskB.jpg
261,33,CHQ977671,Mashreq,Owner 57,38488.2,2022-05-29,2022-11-25,2022-11-25,Cleared,https://example.com/cheques/oPpROYplzGenxcjI.jpg
262,33,CHQ952878,DIB,Owner 55,36431.43,2022-05-29,2022-12-25,2022-12-25,Cleared,https://example.com/cheques/UjNyQpsyyFNrCvaP.jpg
263,34,CHQ741107,Emirates NBD,Owner 58,18082.89,2023-03-14,2023-04-13,2023-04-13,Cleared,https://example.com/cheques/nAgQFdtHCqEvgcrI.jpg
264,34,CHQ739667,Mashreq,Owner 58,16070.79,2023-03-14,2023-05-13,2023-05-13,Cleared,https://example.com/cheques/LSzHnpMlWKmjADOs.jpg
265,34,CHQ708411,ADCB,Owner 58,17050.51,2023-03-14,2023-06-12,2023-06-12,Cleared,https://example.com/cheques/PQtIGhQYqSuyNeMD.jpg
266,34,CHQ794426,Mashreq,Owner 58,16856.2,2023-03-14,2023-07-12,2023-07-12,Cleared,https://example.com/cheques/sYzKiErNlwcfhkoK.jpg
267,34,CHQ272282,Emirates NBD,Owner 58,17807.58,2023-03-14,2023-08-11,2023-08-11,Cleared,https://example.com/cheques/mKWqTkcsrdJTpdHe.jpg
268,34,CHQ668742,Mashreq,Owner 58,16943.66,2023-03-14,2023-09-10,2023-09-10,Cleared,https://example.com/cheques/TuSptQepCHUqcOqZ.jpg
269,34,CHQ533439,RAK Bank,Owner 58,17229.89,2023-03-14,2023-10-10,2023-10-10,Cleared,https://example.com/cheques/sTYLsTMoLRWemwdX.jpg
270,35,CHQ593475,Emirates NBD,Owner 60,28671.01,2023-01-29,2023-02-28,2023-02-28,Cleared,https://example.com/cheques/EbxdbCXoAXOSGQnH.jpg
271,35,CHQ273027,DIB,Owner 60,30908.32,2023-01-29,2023-03-30,2023-03-30,Cleared,https://example.com/cheques/eFLJlTQHgrlskQHZ.jpg
272,35,CHQ323223,Emirates NBD,Owner 60,33621.9,2023-01-29,2023-04-29,2023-04-29,Cleared,https://example.com/cheques/VQJvTCyOJofURMlW.jpg
273,35,CHQ204481,ADCB,Owner 59,34140.34,2023-01-29,2023-05-29,2023-05-29,Cleared,https://example.com/cheques/YCJzZVTjkrpjWTZr.jpg
274,36,CHQ875912,ADCB,Owner 61,54060.31,2023-05-17,2023-06-16,2023-06-16,Cleared,https://example.com/cheques/fJPNzkpDlYqpyXug.jpg
275,36,CHQ837804,RAK Bank,Owner 61,60762.31,2023-05-17,2023-07-16,2023-07-16,Cleared,https://example.com/cheques/VDicpfghzjjAGVoy.jpg
276,36,CHQ431505,RAK Bank,Owner 61,53253.35,2023-05-17,2023-08-15,2023-08-15,Cleared,https://example.com/cheques/oFmPbxTxXOmJEvmD.jpg
277,36,CHQ246887,DIB,Owner 61,49816.01,2023-05-17,2023-09-14,2023-09-14,Cleared,https://example.com/cheques/zWitsmqGzrRnxrGw.jpg
278,36,CHQ925038,Emirates NBD,Owner 61,50126.74,2023-05-17,2023-10-14,2023-10-14,Cleared,https://example.com/cheques/XJkoENWmzlNKjCNw.jpg
279,36,CHQ210605,Emirates NBD,Owner 61,50060.51,2023-05-17,2023-11-13,2023-11-13,Cleared,https://example.com/cheques/OpHnJYsrnAAfUoRC.jpg
280,37,CHQ379755,Mashreq,Owner 62,22013.54,2022-08-07,2022-09-06,2022-09-06,Cleared,https://example.com/cheques/cqUWDfJuCsFEzRDR.jpg
281,37,CHQ779151,Mashreq,Owner 62,21938.03,2022-08-07,2022-10-06,2022-10-06,Cleared,https://example.com/cheques/iKvkUOBdYpsrjPoS.jpg
282,37,CHQ201426,ADCB,Owner 62,23273.46,2022-08-07,2022-11-05,2022-11-05,Cleared,https://example.com/cheques/RhwOCqWWFHMRUdCG.jpg
283,37,CHQ787601,Mashreq,Owner 62,23980.93,2022-08-07,2022-12-05,2022-12-05,Cleared,https://example.com/cheques/BKcDzIpRcWFmSGiO.jpg
284,37,CHQ212743,Mashreq,Owner 62,20727.01,2022-08-07,2023-01-04,2023-01-04,Cleared,https://example.com/cheques/LaOTmOiuwVHvmUKP.jpg
285,37,CHQ990361,ADCB,Owner 62,23971.57,2022-08-07,2023-02-03,2023-02-03,Cleared,https://example.com/cheques/FaDUDkQXrocQvTGc.jpg
286,37,CHQ994026,DIB,Owner 62,20447.09,2022-08-07,2023-03-05,2023-03-05,Cleared,https://example.com/cheques/TZGIcCOyfxajtgvG.jpg
287,37,CHQ116729,DIB,Owner 62,23138.6,2022-08-07,2023-04-04,2023-04-04,Cleared,https://example.com/cheques/qGDcLypgRbcrUDwb.jpg
288,38,CHQ146751,Mashreq,Owner 64,5475.97,2022-03-18,2022-04-17,2022-04-17,Cleared,https://example.com/cheques/dHkPGcxXulXfYuUI.jpg
289,38,CHQ321901,DIB,Owner 64,4997.57,2022-03-18,2022-05-17,2022-05-17,Cleared,https://example.com/cheques/PJclszNDAUnULzvg.jpg
290,38,CHQ654899,ADCB,Owner 64,4776.57,2022-03-18,2022-06-16,2022-06-16,Cleared,https://example.com/cheques/QCgseoKiPgmqFDHE.jpg
291,38,CHQ940410,Emirates NBD,Owner 63,4775.85,2022-03-18,2022-07-16,2022-07-16,Cleared,https://example.com/cheques/cZGzxzBrGbPLnhYH.jpg
292,38,CHQ529368,Mashreq,Owner 63,5133.28,2022-03-18,2022-08-15,2022-08-15,Cleared,https://example.com/cheques/TgtIoHhQNCiJgYYs.jpg
293,38,CHQ782333,DIB,Owner 63,4584.35,2022-03-18,2022-09-14,2022-09-14,Cleared,https://example.com/cheques/frzeAqUeXnVWfwOt.jpg
294,38,CHQ143131,ADCB,Owner 63,5237.96,2022-03-18,2022-10-14,2022-10-14,Cleared,https://example.com/cheques/YAcFJFoinFzvmLOv.jpg
295,38,CHQ247655,RAK Bank,Owner 63,5359.24,2022-03-18,2022-11-13,2022-11-13,Cleared,https://example.com/cheques/vgYeBNSXSURNCRVr.jpg
296,38,CHQ662386,Emirates NBD,Owner 63,5232.76,2022-03-18,2022-12-13,2022-12-13,Cleared,https://example.com/cheques/aWjMjCFpzsXssUaO.jpg
297,39,CHQ997230,DIB,Owner 65,19839.28,2022-06-03,2022-07-03,2022-07-03,Cleared,https://example.com/cheques/pPlIWLVZOgFNemyU.jpg
298,39,CHQ977687,DIB,Owner 65,19522.64,2022-06-03,2022-08-02,2022-08-02,Cleared,https://example.com/cheques/FxdkzmJiqDOAbdfC.jpg
299,39,CHQ310278,RAK Bank,Owner 65,20403.02,2022-06-03,2022-09-01,2022-09-01,Cleared,https://example.com/cheques/JnMlqSwiHadIKJMp.jpg
300,39,CHQ679260,RAK Bank,Owner 65,17685.13,2022-06-03,2022-10-01,2022-10-01,Cleared,https://example.com/cheques/JolgGJifbibZiolZ.jpg
301,40,CHQ692989,ADCB,Owner 67,5907.45,2022-03-15,2022-04-14,2022-04-14,Cleared,https://example.com/cheques/vMyXfoCFVARRezlR.jpg
302,40,CHQ908126,DIB,Owner 67,5639.09,2022-03-15,2022-05-14,2022-05-14,Cleared,https://example.com/cheques/PNhzrHGJdLHXzbMp.jpg
303,40,CHQ506747,ADCB,Owner 67,4948.06,2022-03-15,2022-06-13,2022-06-13,Cleared,https://example.com/cheques/GHymsBJAuUscxmml.jpg
304,40,CHQ287049,Emirates NBD,Owner 68,5361.5,2022-03-15,2022-07-13,2022-07-13,Cleared,https://example.com/cheques/ejXyajkSxQhPlPjs.jpg
305,40,CHQ455298,Emirates NBD,Owner 67,5791.3,2022-03-15,2022-08-12,2022-08-12,Cleared,https://example.com/cheques/BYmWLTcNhvqGIFSE.jpg
306,40,CHQ953768,ADCB,Owner 68,5194.75,2022-03-15,2022-09-11,2022-09-11,Cleared,https://example.com/cheques/JaySLVUXxkoAMqoQ.jpg
307,40,CHQ105619,Emirates NBD,Owner 68,5940.76,2022-03-15,2022-10-11,2022-10-11,Cleared,https://example.com/cheques/fzfiOpiwTXrbNstR.jpg
308,40,CHQ336958,Mashreq,Owner 68,5162.18,2022-03-15,2022-11-10,2022-11-10,Cleared,https://example.com/cheques/hReibQqLlpreSmiF.jpg
309,41,CHQ612616,Mashreq,Owner 69,17808.19,2022-06-27,2022-07-27,2022-07-27,Cleared,https://example.com/cheques/oROaQJdoRiGEAbEt.jpg
310,41,CHQ250593,RAK Bank,Owner 69,21536.04,2022-06-27,2022-08-26,2022-08-26,Cleared,https://example.com/cheques/GZYDGDKEKlVArUGQ.jpg
311,41,CHQ488131,Emirates NBD,Owner 69,21344.22,2022-06-27,2022-09-25,2022-09-25,Cleared,https://example.com/cheques/bVoEovHcNFDyHTxT.jpg
312,41,CHQ510670,Mashreq,Owner 69,19647.81,2022-06-27,2022-10-25,2022-10-25,Cleared,https://example.com/cheques/iRQYKxyyrfISQyNw.jpg
313,41,CHQ866036,RAK Bank,Owner 69,19739.7,2022-06-27,2022-11-24,2022-11-24,Cleared,https://example.com/cheques/vSkICYMCQPaDNUUt.jpg
314,42,CHQ870923,RAK Bank,Owner 72,15442.54,2023-08-04,2023-09-03,2023-09-03,Cleared,https://example.com/cheques/TnQKwrwAZsSxQvaR.jpg
315,42,CHQ397971,ADCB,Owner 70,17501.3,2023-08-04,2023-10-03,2023-10-03,Cleared,https://example.com/cheques/hAMNSgzYdwJDJuqP.jpg
316,42,CHQ841508,RAK Bank,Owner 72,17019.65,2023-08-04,2023-11-02,2023-11-02,Cleared,https://example.com/cheques/bzRMcwiZUlGFbIpV.jpg
317,42,CHQ800520,Emirates NBD,Owner 70,16711.7,2023-08-04,2023-12-02,2023-12-02,Cleared,https://example.com/cheques/qmGWuHjuTyTKyyxI.jpg
318,42,CHQ436964,DIB,Owner 70,15602.6,2023-08-04,2024-01-01,2024-01-01,Cleared,https://example.com/cheques/QgXGNRHXndVpILIi.jpg
319,42,CHQ242603,Mashreq,Owner 72,16486.0,2023-08-04,2024-01-31,2024-01-31,Cleared,https://example.com/cheques/dbvtrjJtJOKADlLZ.jpg
320,42,CHQ472947,RAK Bank,Owner 71,15527.47,2023-08-04,2024-03-01,2024-03-01,Cleared,https://example.com/cheques/PrBeYIuguXLnKhhw.jpg
321,42,CHQ140636,RAK Bank,Owner 72,16148.19,2023-08-04,2024-03-31,2024-03-31,Cleared,https://example.com/cheques/rcRegNDtcJjrdnIP.jpg
322,42,CHQ727672,Mashreq,Owner 72,17444.6,2023-08-04,2024-04-30,2024-04-30,Cleared,https://example.com/cheques/CsIniXycRdvRMhwB.jpg
323,43,CHQ999266,DIB,Owner 73,12407.77,2023-05-21,2023-06-20,2023-06-20,Cleared,https://example.com/cheques/dJEAdaadDmlYGQkh.jpg
324,43,CHQ243548,Mashreq,Owner 73,12098.99,2023-05-21,2023-07-20,2023-07-20,Cleared,https://example.com/cheques/SYphDoemahlSWEhZ.jpg
325,43,CHQ287697,Mashreq,Owner 73,10844.26,2023-05-21,2023-08-19,2023-08-19,Cleared,https://example.com/cheques/dKJrbNAdUQUqPXxm.jpg
326,43,CHQ528823,DIB,Owner 73,11375.53,2023-05-21,2023-09-18,2023-09-18,Cleared,https://example.com/cheques/DOQTeUBofmgjSdmf.jpg
327,43,CHQ231788,ADCB,Owner 73,10634.69,2023-05-21,2023-10-18,2023-10-18,Cleared,https://example.com/cheques/VHDOpbCBETSFwzCy.jpg
328,43,CHQ623833,RAK Bank,Owner 73,11562.24,2023-05-21,2023-11-17,2023-11-17,Cleared,https://example.com/cheques/WbQDzOzLUoUXlXvf.jpg
329,43,CHQ904044,RAK Bank,Owner 73,12716.49,2023-05-21,2023-12-17,2023-12-17,Cleared,https://example.com/cheques/aepEpJOfqJVcLRWK.jpg
330,43,CHQ798240,Mashreq,Owner 73,12839.96,2023-05-21,2024-01-16,2024-01-16,Cleared,https://example.com/cheques/mFjbCUncajhXbdKy.jpg
331,43,CHQ822313,Mashreq,Owner 73,10754.27,2023-05-21,2024-02-15,2024-02-15,Cleared,https://example.com/cheques/DlCXzWdaQLPTFToo.jpg
332,43,CHQ988503,Mashreq,Owner 73,11184.12,2023-05-21,2024-03-16,2024-03-16,Cleared,https://example.com/cheques/cmSjkryTePGIPSlW.jpg
333,43,CHQ581676,RAK Bank,Owner 73,10754.35,2023-05-21,2024-04-15,2024-04-15,Cleared,https://example.com/cheques/ThmsnRzguHPfVAFA.jpg
334,43,CHQ391761,ADCB,Owner 73,10848.91,2023-05-21,2024-05-15,2024-05-15,Cleared,https://example.com/cheques/qcSqakvpwhBnnULm.jpg
335,44,CHQ187567,ADCB,Owner 74,8097.89,2022-01-17,2022-02-16,2022-02-16,Cleared,https://example.com/cheques/CMbTXXnUVNMcBlwE.jpg
336,44,CHQ830410,RAK Bank,Owner 74,6760.02,2022-01-17,2022-03-18,2022-03-18,Cleared,https://example.com/cheques/fgzooPFFUXroziKa.jpg
337,44,CHQ299125,Mashreq,Owner 74,7629.39,2022-01-17,2022-04-17,2022-04-17,Cleared,https://example.com/cheques/ivuedUZGwpbijIkj.jpg
338,44,CHQ437987,RAK Bank,Owner 74,7784.98,2022-01-17,2022-05-17,2022-05-17,Cleared,https://example.com/cheques/GrNWlVVRwhUGtrPn.jpg
339,44,CHQ619544,Mashreq,Owner 74,7910.56,2022-01-17,2022-06-16,2022-06-16,Cleared,https://example.com/cheques/rkimxVuauYqBTmsp.jpg
340,44,CHQ214302,Emirates NBD,Owner 74,8245.77,2022-01-17,2022-07-16,2022-07-16,Cleared,https://example.com/cheques/zdWQUuIPcVBlDplb.jpg
341,44,CHQ682634,RAK Bank,Owner 74,8097.74,2022-01-17,2022-08-15,2022-08-15,Cleared,https://example.com/cheques/xrmDhWbPwlRwyryW.jpg
342,44,CHQ274104,RAK Bank,Owner 74,7858.14,2022-01-17,2022-09-14,2022-09-14,Cleared,https://example.com/cheques/BBCBRPSWpTUhrSrU.jpg
343,45,CHQ857363,Emirates NBD,Owner 75,52609.12,2023-11-27,2023-12-27,2023-12-27,Cleared,https://example.com/cheques/DFtTmVtTSLXkFmqr.jpg
344,45,CHQ421238,ADCB,Owner 75,50534.89,2023-11-27,2024-01-26,2024-01-26,Cleared,https://example.com/cheques/UhLWeZDHeFSuXuSN.jpg
345,45,CHQ855806,DIB,Owner 75,50920.18,2023-11-27,2024-02-25,2024-02-25,Cleared,https://example.com/cheques/GlniwoFCwDsnjUpq.jpg
346,45,CHQ943142,Emirates NBD,Owner 75,44639.41,2023-11-27,2024-03-26,2024-03-26,Cleared,https://example.com/cheques/DfqrFziDobCMoNCQ.jpg
347,45,CHQ799015,Mashreq,Owner 75,48762.01,2023-11-27,2024-04-25,2024-04-25,Cleared,https://example.com/cheques/lPrFwquVHrQMeGuT.jpg
348,46,CHQ917043,Mashreq,Owner 76,25580.53,2023-06-26,2023-07-26,2023-07-26,Cleared,https://example.com/cheques/WPylGmWCzCaHgbHq.jpg
349,46,CHQ247768,DIB,Owner 76,25040.15,2023-06-26,2023-08-25,2023-08-25,Cleared,https://example.com/cheques/kAkjkXJzhbBSwnuO.jpg
350,46,CHQ916055,DIB,Owner 76,22853.89,2023-06-26,2023-09-24,2023-09-24,Cleared,https://example.com/cheques/aPgOYdERivrPTIBe.jpg
351,46,CHQ586987,Mashreq,Owner 76,24648.39,2023-06-26,2023-10-24,2023-10-24,Cleared,https://example.com/cheques/ogSkpNHKFrFNEXfj.jpg
352,47,CHQ677441,DIB,Owner 77,12081.17,2022-11-21,2022-12-21,2022-12-21,Cleared,https://example.com/cheques/DudyAgqKCdfQZvCm.jpg
353,47,CHQ881874,Emirates NBD,Owner 77,10711.74,2022-11-21,2023-01-20,2023-01-20,Cleared,https://example.com/cheques/CttAkiEoYKsshqko.jpg
354,47,CHQ735216,RAK Bank,Owner 77,10471.66,2022-11-21,2023-02-19,2023-02-19,Cleared,https://example.com/cheques/FCBNjfhaaeXqkAlE.jpg
355,47,CHQ518874,RAK Bank,Owner 77,12191.03,2022-11-21,2023-03-21,2023-03-21,Cleared,https://example.com/cheques/TfuiwqFoDhIwCTFf.jpg
356,47,CHQ124349,Mashreq,Owner 77,12172.12,2022-11-21,2023-04-20,2023-04-20,Cleared,https://example.com/cheques/CyKQSICiYTcwdvsl.jpg
357,48,CHQ693463,Emirates NBD,Owner 78,7505.68,2023-10-22,2023-11-21,2023-11-21,Cleared,https://example.com/cheques/aVgcEYFIagzEANaj.jpg
358,48,CHQ141538,DIB,Owner 78,8138.87,2023-10-22,2023-12-21,2023-12-21,Cleared,https://example.com/cheques/iHPzGCndvYCAIUAi.jpg
359,48,CHQ422535,RAK Bank,Owner 78,7398.4,2023-10-22,2024-01-20,2024-01-20,Cleared,https://example.com/cheques/jWiAAZfmBTpThBki.jpg
360,48,CHQ692957,Emirates NBD,Owner 78,7004.21,2023-10-22,2024-02-19,2024-02-19,Cleared,https://example.com/cheques/fBkoguAwDTfrviPx.jpg
361,48,CHQ797123,ADCB,Owner 78,7568.07,2023-10-22,2024-03-20,2024-03-20,Cleared,https://example.com/cheques/LYdTWMvLTpyKHHxV.jpg
362,48,CHQ596034,Emirates NBD,Owner 78,7856.62,2023-10-22,2024-04-19,2024-04-19,Cleared,https://example.com/cheques/lTMgdZGtebobpOgr.jpg
363,48,CHQ765202,Mashreq,Owner 78,6695.97,2023-10-22,2024-05-19,2024-05-19,Cleared,https://example.com/cheques/hzVcFHVDhXMfgCvy.jpg
364,48,CHQ316241,RAK Bank,Owner 78,7572.5,2023-10-22,2024-06-18,2024-06-18,Cleared,https://example.com/cheques/UFbxaMeNiKhUevCE.jpg
365,48,CHQ444508,ADCB,Owner 78,7961.3,2023-10-22,2024-07-18,2024-07-18,Cleared,https://example.com/cheques/nFeOuFGRxHJkzOhX.jpg
366,48,CHQ257519,RAK Bank,Owner 78,7308.87,2023-10-22,2024-08-17,2024-08-17,Cleared,https://example.com/cheques/kRLVHrbshHXmNgeK.jpg
367,48,CHQ667142,Mashreq,Owner 78,7924.5,2023-10-22,2024-09-16,2024-09-16,Cleared,https://example.com/cheques/onXMIprfCDRZlahZ.jpg
368,49,CHQ332542,Emirates NBD,Owner 79,54087.72,2022-02-23,2022-03-25,2022-03-25,Cleared,https://example.com/cheques/HzquiHqCYjGWNdRP.jpg
369,49,CHQ976044,ADCB,Owner 80,46711.83,2022-02-23,2022-04-24,2022-04-24,Cleared,https://example.com/cheques/UFEvvtrLTcCryCoL.jpg
370,49,CHQ939248,RAK Bank,Owner 79,53126.81,2022-02-23,2022-05-24,2022-05-24,Cleared,https://example.com/cheques/JPmnzZHqpiQXuaRi.jpg
371,49,CHQ340042,ADCB,Owner 79,56683.53,2022-02-23,2022-06-23,2022-06-23,Cleared,https://example.com/cheques/wkhOJQWntjdKBYiq.jpg
372,49,CHQ543660,Emirates NBD,Owner 80,46560.3,2022-02-23,2022-07-23,2022-07-23,Cleared,https://example.com/cheques/jWTAoOsGHjRsfYij.jpg
373,49,CHQ486408,Mashreq,Owner 80,52032.91,2022-02-23,2022-08-22,2022-08-22,Cleared,https://example.com/cheques/FpWZrqXoggNJAFHq.jpg
374,50,CHQ468280,Emirates NBD,Owner 82,18663.63,2023-10-11,2023-11-10,2023-11-10,Cleared,https://example.com/cheques/zXsahpwKxNRntSJu.jpg
375,50,CHQ241490,Mashreq,Owner 82,18142.29,2023-10-11,2023-12-10,2023-12-10,Cleared,https://example.com/cheques/CWSTccttXfPkCOxF.jpg
376,50,CHQ457289,ADCB,Owner 81,17572.06,2023-10-11,2024-01-09,2024-01-09,Cleared,https://example.com/cheques/xaayuNJdgEFquVwn.jpg
377,50,CHQ630178,Emirates NBD,Owner 82,16840.48,2023-10-11,2024-02-08,2024-02-08,Cleared,https://example.com/cheques/jIJGbzguohaKUACp.jpg
378,50,CHQ409184,ADCB,Owner 82,18146.7,2023-10-11,2024-03-09,2024-03-09,Cleared,https://example.com/cheques/EHYJvcrYPUZSBvwZ.jpg
379,50,CHQ936062,Mashreq,Owner 81,17514.48,2023-10-11,2024-04-08,2024-04-08,Cleared,https://example.com/cheques/YjjbOxcXNXPPwbZH.jpg
380,50,CHQ579805,Emirates NBD,Owner 82,15954.8,2023-10-11,2024-05-08,2024-05-08,Cleared,https://example.com/cheques/oJNGSnaVTCYrnXpm.jpg
381,50,CHQ715682,DIB,Owner 81,16830.87,2023-10-11,2024-06-07,2024-06-07,Cleared,https://example.com/cheques/TqVFiuYRlUojJysE.jpg
382,50,CHQ687870,DIB,Owner 82,16161.74,2023-10-11,2024-07-07,2024-07-07,Cleared,https://example.com/cheques/MlfsOZxGvKOFCGns.jpg
383,50,CHQ977481,Emirates NBD,Owner 82,17291.8,2023-10-11,2024-08-06,2024-08-06,Cleared,https://example.com/cheques/udmrfGHYSBcOxaKN.jpg
384,50,CHQ845949,RAK Bank,Owner 81,16922.53,2023-10-11,2024-09-05,2024-09-05,Cleared,https://example.com/cheques/dUOYjdoPNmVzncdQ.jpg
385,50,CHQ879591,DIB,Owner 82,16742.28,2023-10-11,2024-10-05,2024-10-05,Cleared,https://example.com/cheques/aDUHIxQwdmhnvZvK.jpg
